{"cameraMode":{"drawMode":0,"name":"Shaded","section":"Shading Mode"},"sceneLighting":true,"audioPlay":false,"sceneViewState":{"m_AlwaysRefresh":true,"showFog":true,"showSkybox":false,"showFlares":true,"showImageEffects":true,"showParticleSystems":true,"showVisualEffectGraphs":true,"m_FxEnabled":true},"in2DMode":false,"pivot":{"x":-0.03902912139892578,"y":13.715810775756836,"z":0.028356075286865236},"rotation":{"x":0.21896222233772279,"y":-0.017697200179100038,"z":0.0033995083067566158,"w":0.9754320979118347},"size":12.12435531616211,"orthographic":false}