{"cameraMode":{"drawMode":0,"name":"Shaded","section":"Shading Mode"},"sceneLighting":true,"audioPlay":false,"sceneViewState":{"m_AlwaysRefresh":true,"showFog":true,"showSkybox":true,"showFlares":true,"showImageEffects":true,"showParticleSystems":true,"showVisualEffectGraphs":true,"m_FxEnabled":true},"in2DMode":false,"pivot":{"x":-0.7026370167732239,"y":2.2615373134613039,"z":-4.116527080535889},"rotation":{"x":0.06474912166595459,"y":-0.012649569660425187,"z":0.0002526048629079014,"w":0.9975703954696655},"size":1.1260380744934083,"orthographic":false}