{"cameraMode":{"drawMode":0,"name":"Shaded","section":"Shading Mode"},"sceneLighting":false,"audioPlay":false,"sceneViewState":{"m_AlwaysRefresh":true,"showFog":true,"showSkybox":false,"showFlares":true,"showImageEffects":true,"showParticleSystems":true,"showVisualEffectGraphs":true,"m_FxEnabled":true},"in2DMode":false,"pivot":{"x":-3.4686408042907717,"y":0.5499894022941589,"z":-0.09299999475479126},"rotation":{"x":0.0032815507147461178,"y":0.03297064080834389,"z":-0.0007946674013510346,"w":0.9992660880088806},"size":0.4015527367591858,"orthographic":false}